CV,Job Description,Model,Score,Top Skills
cv-00001.txt,job-00001.txt,BERT,0.840147003531456,"R (1.00), IoT (0.96), SQL (0.95)"
cv-00001.txt,job-00001.txt,Word2Vec,0.8439365446567535,"R (1.00), IoT (0.85), SQL (0.83)"
cv-00001.txt,job-00001.txt,ChatGPT,0.7,"Python (0.95), SQL (0.85), R (0.80)"
cv-00001.txt,job-00002.txt,BERT,0.8379208326339722,"R (1.00), IoT (0.96), SQL (0.94)"
cv-00001.txt,job-00002.txt,Word2Vec,0.843456295132637,"R (1.00), IoT (0.85), SQL (0.82)"
cv-00001.txt,job-00002.txt,ChatGPT,0.2,"Python (0.65), SQL (0.85), R (0.80)"
cv-00001.txt,job-00003.txt,BERT,0.8354240894317627,"R (1.00), IoT (0.95), SQL (0.94)"
cv-00001.txt,job-00003.txt,Word2Vec,0.8437085568904876,"R (1.00), IoT (0.85), SQL (0.82)"
cv-00001.txt,job-00003.txt,ChatGPT,0.4,"Marketing (0.95), Management (0.70), Marketing digital (0.60)"
cv-00001.txt,job-00004.txt,BERT,0.8383054077625275,"R (1.00), IoT (0.96), SQL (0.95)"
cv-00001.txt,job-00004.txt,Word2Vec,0.8439387887716294,"R (1.00), IoT (0.85), SQL (0.83)"
cv-00001.txt,job-00004.txt,ChatGPT,0.4,"Python (0.85), SQL (0.70), Agile (0.30)"
cv-00001.txt,job-00005.txt,BERT,0.840206754207611,"R (1.00), IoT (0.96), SQL (0.95)"
cv-00001.txt,job-00005.txt,Word2Vec,0.8434619635343552,"R (1.00), IoT (0.83), SQL (0.81)"
cv-00001.txt,job-00005.txt,ChatGPT,0.4,"AWS (0.30), Azure (0.30), Python (0.15)"
cv-00001.txt,job-00006.txt,BERT,0.8390360236167909,"R (1.00), IoT (0.96), SQL (0.94)"
cv-00001.txt,job-00006.txt,Word2Vec,0.8446085363626481,"R (1.00), IoT (0.84), SQL (0.82)"
cv-00001.txt,job-00006.txt,ChatGPT,0.7,"Python (0.95), Machine Learning (0.75), Deep Learning (0.50)"
cv-00001.txt,job-00007.txt,BERT,0.8352047026157379,"R (1.00), IoT (0.95), SQL (0.94)"
cv-00001.txt,job-00007.txt,Word2Vec,0.8443197876214981,"R (1.00), IoT (0.86), SQL (0.84)"
cv-00001.txt,job-00007.txt,ChatGPT,0.2,"Java (0.85), SQL (0.70), Agile (0.30)"
cv-00001.txt,job-00008.txt,BERT,0.8302401840686798,"R (1.00), IoT (0.95), SQL (0.94)"
cv-00001.txt,job-00008.txt,Word2Vec,0.8432373732328415,"R (1.00), IoT (0.88), SQL (0.83)"
cv-00001.txt,job-00008.txt,ChatGPT,0.2,"SQL (0.95), R (0.80), Agile (0.30)"
cv-00001.txt,job-00009.txt,BERT,0.8359609693288803,"R (1.00), IoT (0.95), SQL (0.94)"
cv-00001.txt,job-00009.txt,Word2Vec,0.8443419605493545,"R (1.00), IoT (0.85), SQL (0.83)"
cv-00001.txt,job-00009.txt,ChatGPT,0.6,"Python (0.95), SQL (0.85), R (0.80)"
cv-00001.txt,job-00010.txt,BERT,0.8367405712604523,"R (1.00), IoT (0.95), SQL (0.95)"
cv-00001.txt,job-00010.txt,Word2Vec,0.8439228385686874,"R (1.00), IoT (0.85), SQL (0.83)"
cv-00001.txt,job-00010.txt,ChatGPT,0.2,"C++ (0.85), Linux (0.60), Git (0.10)"
cv-00002.txt,job-00001.txt,BERT,1.0,"Kubernetes (1.00), Docker (0.98), Python (0.81)"
cv-00002.txt,job-00001.txt,Word2Vec,1.0,"Docker (1.00), Python (0.89), Kubernetes (0.82)"
cv-00002.txt,job-00001.txt,ChatGPT,0.4,"Docker (0.85), Kubernetes (0.85), AWS (0.30)"
cv-00002.txt,job-00002.txt,BERT,1.0,"Kubernetes (1.00), Docker (0.98), Python (0.82)"
cv-00002.txt,job-00002.txt,Word2Vec,1.0,"Docker (1.00), Python (0.89), Kubernetes (0.81)"
cv-00002.txt,job-00002.txt,ChatGPT,0.2,"AWS (0.30), Docker (0.85), Kubernetes (0.85)"
cv-00002.txt,job-00003.txt,BERT,1.0,"Kubernetes (1.00), Docker (0.98), Python (0.82)"
cv-00002.txt,job-00003.txt,Word2Vec,1.0,"Docker (1.00), Python (0.89), Kubernetes (0.82)"
cv-00002.txt,job-00003.txt,ChatGPT,0.4,"AWS (0.30), Kubernetes (0.45), Jenkins (0.30)"
cv-00002.txt,job-00004.txt,BERT,1.0,"Kubernetes (1.00), Docker (0.98), Python (0.82)"
cv-00002.txt,job-00004.txt,Word2Vec,1.0,"Docker (1.00), Python (0.89), Kubernetes (0.82)"
cv-00002.txt,job-00004.txt,ChatGPT,0.4,"Docker (0.85), Kubernetes (0.85), AWS (0.30)"
cv-00002.txt,job-00005.txt,BERT,1.0,"Kubernetes (1.00), Docker (0.98), Python (0.81)"
cv-00002.txt,job-00005.txt,Word2Vec,1.0,"Docker (1.00), Python (0.89), Kubernetes (0.83)"
cv-00002.txt,job-00005.txt,ChatGPT,0.6,"Docker (0.95), Kubernetes (0.95), AWS (0.30)"
cv-00002.txt,job-00006.txt,BERT,1.0,"Kubernetes (1.00), Docker (0.98), Python (0.82)"
cv-00002.txt,job-00006.txt,Word2Vec,1.0,"Docker (1.00), Python (0.89), Kubernetes (0.82)"
cv-00002.txt,job-00006.txt,ChatGPT,0.2,"Python (0.90), Docker (0.80), Kubernetes (0.80)"
cv-00002.txt,job-00007.txt,BERT,1.0,"Kubernetes (1.00), Docker (0.98), Python (0.82)"
cv-00002.txt,job-00007.txt,Word2Vec,1.0,"Docker (1.00), Python (0.90), Kubernetes (0.81)"
cv-00002.txt,job-00007.txt,ChatGPT,0.4,"Docker (0.85), Kubernetes (0.85), AWS (0.30)"
cv-00002.txt,job-00008.txt,BERT,1.0,"Kubernetes (1.00), Docker (0.99), Python (0.82)"
cv-00002.txt,job-00008.txt,Word2Vec,1.0,"Docker (1.00), Python (0.88), Kubernetes (0.81)"
cv-00002.txt,job-00008.txt,ChatGPT,0.2,"Docker (0.95), Kubernetes (0.95), AWS (0.30)"
cv-00002.txt,job-00009.txt,BERT,1.0,"Kubernetes (1.00), Docker (0.98), Python (0.81)"
cv-00002.txt,job-00009.txt,Word2Vec,1.0,"Docker (1.00), Python (0.90), Kubernetes (0.83)"
cv-00002.txt,job-00009.txt,ChatGPT,0.4,"Docker (0.95), Kubernetes (0.95), AWS (0.30)"
cv-00002.txt,job-00010.txt,BERT,1.0,"Kubernetes (1.00), Docker (0.98), Python (0.82)"
cv-00002.txt,job-00010.txt,Word2Vec,1.0,"Docker (1.00), Python (0.90), Kubernetes (0.82)"
cv-00002.txt,job-00010.txt,ChatGPT,0.2,"Docker (0.80), Kubernetes (0.80), AWS (0.30)"
cv-00003.txt,job-00001.txt,BERT,1.0,"Cryptographie (1.00), Forensics (0.98), C++ (0.98)"
cv-00003.txt,job-00001.txt,Word2Vec,1.0,"Forensics (1.00), C++ (0.84), Cryptographie (0.84)"
cv-00003.txt,job-00001.txt,ChatGPT,0.4,"Python (0.95), Cybersécurité (0.30), Cryptographie (0.95)"
cv-00003.txt,job-00002.txt,BERT,1.0,"Cryptographie (1.00), C++ (0.98), Forensics (0.98)"
cv-00003.txt,job-00002.txt,Word2Vec,1.0,"Forensics (1.00), C++ (0.84), Cryptographie (0.84)"
cv-00003.txt,job-00002.txt,ChatGPT,0.2,"Cryptographie (0.95), Forensics (0.95), Français (0.30)"
cv-00003.txt,job-00003.txt,BERT,1.0,"Cryptographie (1.00), Forensics (0.99), C++ (0.98)"
cv-00003.txt,job-00003.txt,Word2Vec,1.0,"Forensics (1.00), C++ (0.85), Cryptographie (0.85)"
cv-00003.txt,job-00003.txt,ChatGPT,0.2,"Cybersécurité (0.45), Cryptographie (0.95), Français (0.00)"
cv-00003.txt,job-00004.txt,BERT,1.0,"Cryptographie (1.00), C++ (0.98), Forensics (0.98)"
cv-00003.txt,job-00004.txt,Word2Vec,1.0,"Forensics (1.00), C++ (0.85), Cryptographie (0.85)"
cv-00003.txt,job-00004.txt,ChatGPT,0.6,"Python (0.85), Cryptographie (0.95), Forensics (0.95)"
cv-00003.txt,job-00005.txt,BERT,1.0,"Cryptographie (1.00), C++ (0.98), Forensics (0.98)"
cv-00003.txt,job-00005.txt,Word2Vec,1.0,"Forensics (1.00), C++ (0.86), Cryptographie (0.86)"
cv-00003.txt,job-00005.txt,ChatGPT,0.4,"Python (0.45), Cybersécurité (0.30), Cryptographie (0.30)"
cv-00003.txt,job-00006.txt,BERT,1.0,"Cryptographie (1.00), C++ (0.98), Forensics (0.98)"
cv-00003.txt,job-00006.txt,Word2Vec,1.0,"Forensics (1.00), C++ (0.85), Cryptographie (0.85)"
cv-00003.txt,job-00006.txt,ChatGPT,0.4,"Python (0.85), Cybersécurité (0.30), Cryptographie (0.65)"
cv-00003.txt,job-00007.txt,BERT,1.0,"Cryptographie (1.00), C++ (0.99), Forensics (0.98)"
cv-00003.txt,job-00007.txt,Word2Vec,1.0,"Forensics (1.00), C++ (0.84), Cryptographie (0.84)"
cv-00003.txt,job-00007.txt,ChatGPT,0.4,"Java (0.95), Développement web (0.60), Anglais (0.50)"
cv-00003.txt,job-00008.txt,BERT,1.0,"Cryptographie (1.00), Forensics (0.99), C++ (0.98)"
cv-00003.txt,job-00008.txt,Word2Vec,1.0,"Forensics (1.00), C++ (0.84), Cryptographie (0.84)"
cv-00003.txt,job-00008.txt,ChatGPT,0.2,"Cybersécurité (0.75), Cryptographie (0.95), Forensics (0.75)"
cv-00003.txt,job-00009.txt,BERT,1.0,"Cryptographie (1.00), Forensics (0.98), C++ (0.98)"
cv-00003.txt,job-00009.txt,Word2Vec,1.0,"Forensics (1.00), C++ (0.85), Cryptographie (0.85)"
cv-00003.txt,job-00009.txt,ChatGPT,0.4,"Python (0.90), Cybersécurité (0.30), Cryptographie (0.95)"
cv-00003.txt,job-00010.txt,BERT,1.0,"Cryptographie (1.00), C++ (0.99), Forensics (0.98)"
cv-00003.txt,job-00010.txt,Word2Vec,1.0,"Forensics (1.00), C++ (0.85), Cryptographie (0.85)"
cv-00003.txt,job-00010.txt,ChatGPT,0.4,"C++ (0.95), Cryptographie (0.90), Cybersécurité (0.30)"
cv-00004.txt,job-00001.txt,BERT,0.9114761769771575,"Java (1.00), Node.js (0.92), React (0.81)"
cv-00004.txt,job-00001.txt,Word2Vec,0.9159125864505768,"Java (1.00), Node.js (0.85), React (0.77)"
cv-00004.txt,job-00001.txt,ChatGPT,0.2,"Développement Mobile: iOS (Swift) (0.85), Développement Mobile: Android (Kotlin) (0.75), Backend: Node.js (0.60)"
cv-00004.txt,job-00002.txt,BERT,0.9116322994232178,"Java (1.00), Node.js (0.91), React (0.82)"
cv-00004.txt,job-00002.txt,Word2Vec,0.9160911679267882,"Java (1.00), Node.js (0.85), React (0.77)"
cv-00004.txt,job-00002.txt,ChatGPT,0.2,"Développement Mobile : iOS (Swift) (0.85), Développement Mobile : Android (Kotlin) (0.75), Backend : Node.js (0.60)"
cv-00004.txt,job-00003.txt,BERT,0.9081901133060455,"Java (1.00), Node.js (0.91), React (0.82)"
cv-00004.txt,job-00003.txt,Word2Vec,0.9162496864795684,"Java (1.00), Node.js (0.85), SQLite (0.76)"
cv-00004.txt,job-00003.txt,ChatGPT,0.2,"Développement Mobile (iOS) (0.85), Développement Mobile (Android) (0.75), Backend (Node.js) (0.60)"
cv-00004.txt,job-00004.txt,BERT,0.9114082455635071,"Java (1.00), Node.js (0.91), React (0.81)"
cv-00004.txt,job-00004.txt,Word2Vec,0.9158260941505432,"Java (1.00), Node.js (0.85), React (0.76)"
cv-00004.txt,job-00004.txt,ChatGPT,0.4,"Sécurité informatique (0.80), Développement logiciel (0.60), Tests de pénétration (0.30)"
cv-00004.txt,job-00005.txt,BERT,0.913411659002304,"Java (1.00), Node.js (0.91), React (0.81)"
cv-00004.txt,job-00005.txt,Word2Vec,0.9159187018871306,"Java (1.00), Node.js (0.85), React (0.77)"
cv-00004.txt,job-00005.txt,ChatGPT,0.4,"CI/CD automatisés (0.75), Infrastructures cloud (AWS, Azure, GCP) (0.60), Scripting (Python, Bash, PowerShell) (0.45)"
cv-00004.txt,job-00006.txt,BERT,0.9111432075500487,"Java (1.00), Node.js (0.91), React (0.81)"
cv-00004.txt,job-00006.txt,Word2Vec,0.9168276757001876,"Java (1.00), Node.js (0.85), React (0.76)"
cv-00004.txt,job-00006.txt,ChatGPT,0.2,"Développement Mobile (0.85), Frameworks (0.30), Backend (0.10)"
cv-00004.txt,job-00007.txt,BERT,0.9094984501600265,"Java (1.00), Node.js (0.91), React (0.81)"
cv-00004.txt,job-00007.txt,Word2Vec,0.9165040671825408,"Java (1.00), Node.js (0.85), SQLite (0.76)"
cv-00004.txt,job-00007.txt,ChatGPT,0.2,"Java (0.95), SQL (0.65), Git (0.30)"
cv-00004.txt,job-00008.txt,BERT,0.9029698371887207,"Java (1.00), Node.js (0.91), React (0.82)"
cv-00004.txt,job-00008.txt,Word2Vec,0.915248480439186,"Java (1.00), Node.js (0.86), React (0.77)"
cv-00004.txt,job-00008.txt,ChatGPT,0.2,"Développement Mobile (0.85), Frameworks (0.30), Backend (0.20)"
cv-00004.txt,job-00009.txt,BERT,0.9068390309810639,"Java (1.00), Node.js (0.91), React (0.81)"
cv-00004.txt,job-00009.txt,Word2Vec,0.915889823436737,"Java (1.00), Node.js (0.85), SQLite (0.76)"
cv-00004.txt,job-00009.txt,ChatGPT,0.2,"Développement Mobile (iOS) (0.85), Développement Mobile (Android) (0.75), Backend (Node.js) (0.60)"
cv-00004.txt,job-00010.txt,BERT,0.9104071378707885,"Java (1.00), Node.js (0.91), React (0.81)"
cv-00004.txt,job-00010.txt,Word2Vec,0.9157683104276657,"Java (1.00), Node.js (0.85), SQLite (0.76)"
cv-00004.txt,job-00010.txt,ChatGPT,0.2,"C++ (0.75), Linux (0.30), Git (0.00)"
cv-00005.txt,job-00001.txt,BERT,0.8874577403068543,"Docker (1.00), IoT (0.95), Java (0.94)"
cv-00005.txt,job-00001.txt,Word2Vec,0.8918279170989991,"IoT (1.00), Docker (0.97), Java (0.94)"
cv-00005.txt,job-00001.txt,ChatGPT,0.2,"Python (0.30), SQL (0.00), Java (0.15)"
cv-00005.txt,job-00002.txt,BERT,0.8868170410394669,"Docker (1.00), IoT (0.95), Java (0.94)"
cv-00005.txt,job-00002.txt,Word2Vec,0.8919740527868272,"IoT (1.00), Docker (0.97), Java (0.95)"
cv-00005.txt,job-00002.txt,ChatGPT,0.2,"JavaScript (0.95), React (0.90), Node.js (0.85)"
cv-00005.txt,job-00003.txt,BERT,0.8840373873710633,"Docker (1.00), IoT (0.95), Java (0.93)"
cv-00005.txt,job-00003.txt,Word2Vec,0.892084077000618,"IoT (1.00), Docker (0.96), Java (0.93)"
cv-00005.txt,job-00003.txt,ChatGPT,0.2,"Marketing (0.95), Management (0.80), Marketing digital (0.75)"
cv-00005.txt,job-00004.txt,BERT,0.8874688535928728,"Docker (1.00), IoT (0.95), Java (0.94)"
cv-00005.txt,job-00004.txt,Word2Vec,0.891799584031105,"IoT (1.00), Docker (0.97), Java (0.95)"
cv-00005.txt,job-00004.txt,ChatGPT,0.4,"Python (0.75), Java (0.50), JavaScript (0.50)"
cv-00005.txt,job-00005.txt,BERT,0.8893887519836426,"Docker (1.00), IoT (0.95), Java (0.94)"
cv-00005.txt,job-00005.txt,Word2Vec,0.8915579169988632,"IoT (1.00), Docker (0.96), Java (0.94)"
cv-00005.txt,job-00005.txt,ChatGPT,0.4,"DevOps (0.30), AWS (0.30), Python (0.25)"
cv-00005.txt,job-00006.txt,BERT,0.8866289287805558,"Docker (1.00), IoT (0.95), Java (0.94)"
cv-00005.txt,job-00006.txt,Word2Vec,0.8927332073450089,"IoT (1.00), Docker (0.97), Java (0.95)"
cv-00005.txt,job-00006.txt,ChatGPT,0.4,"Python (0.50), Machine Learning (0.00), Développement Python (0.40)"
cv-00005.txt,job-00007.txt,BERT,0.8847468584775926,"Docker (1.00), IoT (0.95), Java (0.94)"
cv-00005.txt,job-00007.txt,Word2Vec,0.8927503734827043,"IoT (1.00), Docker (0.97), Java (0.96)"
cv-00005.txt,job-00007.txt,ChatGPT,0.2,"Java (0.95), JavaScript (0.95), Docker (0.60)"
cv-00005.txt,job-00008.txt,BERT,0.8788072496652604,"Docker (1.00), IoT (0.95), Java (0.94)"
cv-00005.txt,job-00008.txt,Word2Vec,0.8912338972091676,"IoT (1.00), Docker (0.97), Java (0.94)"
cv-00005.txt,job-00008.txt,ChatGPT,0.2,"JavaScript (0.95), Java (0.85), Docker (0.60)"
cv-00005.txt,job-00009.txt,BERT,0.8828346848487855,"Docker (1.00), IoT (0.95), Java (0.94)"
cv-00005.txt,job-00009.txt,Word2Vec,0.8922252416610719,"IoT (1.00), Docker (0.97), Java (0.95)"
cv-00005.txt,job-00009.txt,ChatGPT,0.4,"Python (0.45), SQL (0.00), Agile (0.00)"
cv-00005.txt,job-00010.txt,BERT,0.8859045177698136,"Docker (1.00), IoT (0.95), Java (0.94)"
cv-00005.txt,job-00010.txt,Word2Vec,0.8919100910425186,"IoT (1.00), Docker (0.97), Java (0.95)"
cv-00005.txt,job-00010.txt,ChatGPT,0.2,"Java (0.95), JavaScript (0.95), Docker (0.60)"
cv-00006.txt,job-00001.txt,BERT,1.0,"TypeScript (1.00), Java (0.99), JavaScript (0.97)"
cv-00006.txt,job-00001.txt,Word2Vec,1.0,"R (1.00), Java (0.95), Python (0.91)"
cv-00006.txt,job-00001.txt,ChatGPT,0.4,"Python (0.95), Java (0.95), AWS (0.30)"
cv-00006.txt,job-00002.txt,BERT,1.0,"TypeScript (1.00), Java (0.99), JavaScript (0.97)"
cv-00006.txt,job-00002.txt,Word2Vec,1.0,"R (1.00), Java (0.95), Python (0.91)"
cv-00006.txt,job-00002.txt,ChatGPT,0.4,"AWS (0.30), DevOps (0.35), Java (0.50)"
cv-00006.txt,job-00003.txt,BERT,1.0,"TypeScript (1.00), Java (0.99), JavaScript (0.97)"
cv-00006.txt,job-00003.txt,Word2Vec,1.0,"R (1.00), Java (0.93), Python (0.90)"
cv-00006.txt,job-00003.txt,ChatGPT,0.4,"AWS (0.30), Java (0.25), Spring Boot (0.10)"
cv-00006.txt,job-00004.txt,BERT,1.0,"TypeScript (1.00), Java (0.99), JavaScript (0.97)"
cv-00006.txt,job-00004.txt,Word2Vec,1.0,"R (1.00), Java (0.95), Python (0.92)"
cv-00006.txt,job-00004.txt,ChatGPT,0.6,"Python (0.95), Java (0.95), AWS (0.30)"
cv-00006.txt,job-00005.txt,BERT,1.0,"TypeScript (1.00), Java (0.98), JavaScript (0.97)"
cv-00006.txt,job-00005.txt,Word2Vec,1.0,"R (1.00), Java (0.92), Python (0.89)"
cv-00006.txt,job-00005.txt,ChatGPT,0.6,"AWS (0.45), CI/CD (0.30), DevOps (0.35)"
cv-00006.txt,job-00006.txt,BERT,1.0,"TypeScript (1.00), Java (0.99), JavaScript (0.97)"
cv-00006.txt,job-00006.txt,Word2Vec,1.0,"R (1.00), Java (0.94), Python (0.91)"
cv-00006.txt,job-00006.txt,ChatGPT,0.6,"Python (0.95), AWS (0.30), Docker (0.30)"
cv-00006.txt,job-00007.txt,BERT,1.0,"TypeScript (1.00), Java (1.00), JavaScript (0.98)"
cv-00006.txt,job-00007.txt,Word2Vec,1.0,"R (1.00), Java (0.98), Python (0.93)"
cv-00006.txt,job-00007.txt,ChatGPT,0.4,"Java (0.95), Spring (0.30), AWS (0.30)"
cv-00006.txt,job-00008.txt,BERT,1.0,"TypeScript (1.00), Java (0.99), JavaScript (0.98)"
cv-00006.txt,job-00008.txt,Word2Vec,1.0,"R (1.00), Java (0.97), Python (0.93)"
cv-00006.txt,job-00008.txt,ChatGPT,0.4,"AWS (0.30), Java (0.25), Python (0.20)"
cv-00006.txt,job-00009.txt,BERT,1.0,"TypeScript (1.00), Java (0.99), JavaScript (0.98)"
cv-00006.txt,job-00009.txt,Word2Vec,1.0,"R (1.00), Java (0.94), Python (0.92)"
cv-00006.txt,job-00009.txt,ChatGPT,0.4,"Python (0.95), Java (0.95), AWS (0.30)"
cv-00006.txt,job-00010.txt,BERT,1.0,"TypeScript (1.00), Java (0.99), JavaScript (0.97)"
cv-00006.txt,job-00010.txt,Word2Vec,1.0,"R (1.00), Java (0.95), Python (0.92)"
cv-00006.txt,job-00010.txt,ChatGPT,0.2,"Java (0.95), Python (0.95), AWS (0.30)"
cv-00007.txt,job-00001.txt,BERT,0.278857147693634,"Gestion de projet (1.00), Go (0.98), R (0.98)"
cv-00007.txt,job-00001.txt,Word2Vec,0.2944751411676407,"Gestion de projet (1.00), R (0.82), Go (0.69)"
cv-00007.txt,job-00001.txt,ChatGPT,0.2,"Expertise en droit des affaires, fusions-acquisitions, et droit des sociétés (0.90), Maîtrise du droit fiscal et du droit international des affaires (0.80), Compétences en négociation et résolution de conflits (0.70)"
cv-00007.txt,job-00002.txt,BERT,0.2779109001159668,"Gestion de projet (1.00), Go (0.98), R (0.98)"
cv-00007.txt,job-00002.txt,Word2Vec,0.294252535700798,"Gestion de projet (1.00), R (0.83), Go (0.69)"
cv-00007.txt,job-00002.txt,ChatGPT,0.2,"Expertise en droit des affaires, fusions-acquisitions, et droit des sociétés (0.90), Maîtrise du droit fiscal et du droit international des affaires (0.80), Compétences en négociation et résolution de conflits (0.70)"
cv-00007.txt,job-00003.txt,BERT,0.27784475684165955,"Gestion de projet (1.00), Go (0.98), R (0.98)"
cv-00007.txt,job-00003.txt,Word2Vec,0.29387645423412323,"Gestion de projet (1.00), R (0.83), Go (0.68)"
cv-00007.txt,job-00003.txt,ChatGPT,0.2,"Expertise en droit des affaires, fusions-acquisitions, et droit des sociétés (0.95), Maîtrise du droit fiscal et du droit international des affaires (0.85), Compétences en négociation et résolution de conflits (0.70)"
cv-00007.txt,job-00004.txt,BERT,0.27855186760425565,"Gestion de projet (1.00), Go (0.98), R (0.98)"
cv-00007.txt,job-00004.txt,Word2Vec,0.2944933444261551,"Gestion de projet (1.00), R (0.80), Go (0.66)"
cv-00007.txt,job-00004.txt,ChatGPT,0.2,"Expertise en droit des affaires, fusions-acquisitions, et droit des sociétés (0.90), Maîtrise du droit fiscal et du droit international des affaires (0.80), Compétences en négociation et résolution de conflits (0.70)"
cv-00007.txt,job-00005.txt,BERT,0.2789919823408127,"Gestion de projet (1.00), Go (0.98), R (0.98)"
cv-00007.txt,job-00005.txt,Word2Vec,0.2939182251691818,"Gestion de projet (1.00), R (0.84), Go (0.68)"
cv-00007.txt,job-00005.txt,ChatGPT,0.2,"Expertise en droit des affaires, fusions-acquisitions, et droit des sociétés (0.90), Maîtrise du droit fiscal et du droit international des affaires (0.80), Compétences en négociation et résolution de conflits (0.70)"
cv-00007.txt,job-00006.txt,BERT,0.27797403931617737,"Gestion de projet (1.00), Go (0.98), R (0.98)"
cv-00007.txt,job-00006.txt,Word2Vec,0.2944808900356293,"Gestion de projet (1.00), R (0.82), Go (0.68)"
cv-00007.txt,job-00006.txt,ChatGPT,0.2,"Expertise en droit des affaires, fusions-acquisitions, et droit des sociétés (0.90), Maîtrise du droit fiscal et du droit international des affaires (0.80), Compétences en négociation et résolution de conflits (0.70)"
cv-00007.txt,job-00007.txt,BERT,0.27492992877960204,"Gestion de projet (1.00), Go (0.98), R (0.98)"
cv-00007.txt,job-00007.txt,Word2Vec,0.29455030560493467,"Gestion de projet (1.00), R (0.81), Go (0.68)"
cv-00007.txt,job-00007.txt,ChatGPT,0.2,"Expertise en droit des affaires, fusions-acquisitions, et droit des sociétés (0.90), Maîtrise du droit fiscal et du droit international des affaires (0.85), Compétences en négociation et résolution de conflits (0.80)"
cv-00007.txt,job-00008.txt,BERT,0.27197699546813964,"Gestion de projet (1.00), Go (0.99), R (0.99)"
cv-00007.txt,job-00008.txt,Word2Vec,0.2942253649234772,"Gestion de projet (1.00), R (0.79), Go (0.68)"
cv-00007.txt,job-00008.txt,ChatGPT,0.2,"Expertise en droit des affaires, fusions-acquisitions, et droit des sociétés (0.90), Maîtrise du droit fiscal et du droit international des affaires (0.80), Compétences en négociation et résolution de conflits (0.70)"
cv-00007.txt,job-00009.txt,BERT,0.27567962408065794,"Gestion de projet (1.00), Go (0.98), R (0.98)"
cv-00007.txt,job-00009.txt,Word2Vec,0.29415464401245117,"Gestion de projet (1.00), R (0.80), Go (0.66)"
cv-00007.txt,job-00009.txt,ChatGPT,0.2,"Expertise en droit des affaires, fusions-acquisitions, et droit des sociétés (0.90), Maîtrise du droit fiscal et du droit international des affaires (0.85), Compétences en négociation et résolution de conflits (0.70)"
cv-00007.txt,job-00010.txt,BERT,0.2769229531288147,"Gestion de projet (1.00), Go (0.98), R (0.98)"
cv-00007.txt,job-00010.txt,Word2Vec,0.29398595094680785,"Gestion de projet (1.00), R (0.81), Go (0.67)"
cv-00007.txt,job-00010.txt,ChatGPT,0.2,"Expertise en droit des affaires, fusions-acquisitions, et droit des sociétés (0.90), Maîtrise du droit fiscal et du droit international des affaires (0.85), Compétences en négociation et résolution de conflits (0.70)"
cv-00008.txt,job-00001.txt,BERT,0.2858118206262588,"Analyse de données (1.00), Big Data (0.99), Gestion de projet (0.99)"
cv-00008.txt,job-00001.txt,Word2Vec,0.2947561740875244,"Analyse de données (1.00), Gestion de projet (1.00), Français (0.87)"
cv-00008.txt,job-00001.txt,ChatGPT,0.6,"Analyse de données (0.80), Python (0.70), R (0.60)"
cv-00008.txt,job-00002.txt,BERT,0.2838408529758453,"Analyse de données (1.00), Gestion de projet (1.00), Espagnol (0.99)"
cv-00008.txt,job-00002.txt,Word2Vec,0.2940971106290817,"Gestion de projet (1.00), Analyse de données (0.99), Français (0.88)"
cv-00008.txt,job-00002.txt,ChatGPT,0.2,"Analyse de données (0.85), Gestion de projet (0.70), R (0.60)"
cv-00008.txt,job-00003.txt,BERT,0.28257316946983335,"Gestion de projet (1.00), Analyse de données (1.00), Big Data (0.99)"
cv-00008.txt,job-00003.txt,Word2Vec,0.2943659394979477,"Gestion de projet (1.00), Analyse de données (0.99), Français (0.87)"
cv-00008.txt,job-00003.txt,ChatGPT,0.4,"Expertise en modélisation climatique et analyse de données environnementales (0.95), Gestion de projets de recherche internationaux (0.70), Rédaction scientifique et vulgarisation (0.60)"
cv-00008.txt,job-00004.txt,BERT,0.2832915186882019,"Analyse de données (1.00), Gestion de projet (0.99), Big Data (0.99)"
cv-00008.txt,job-00004.txt,Word2Vec,0.2956401228904724,"Gestion de projet (1.00), Analyse de données (1.00), Français (0.86)"
cv-00008.txt,job-00004.txt,ChatGPT,0.4,"Analyse de données (0.50), Gestion de projet (0.30), Français (0.20)"
cv-00008.txt,job-00005.txt,BERT,0.28482961356639863,"Analyse de données (1.00), Gestion de projet (1.00), Big Data (0.99)"
cv-00008.txt,job-00005.txt,Word2Vec,0.2942400723695755,"Gestion de projet (1.00), Analyse de données (1.00), Français (0.87)"
cv-00008.txt,job-00005.txt,ChatGPT,0.4,"Gestion de projet (0.80), Analyse de données (0.70), R (0.60)"
cv-00008.txt,job-00006.txt,BERT,0.2846243172883987,"Analyse de données (1.00), Gestion de projet (0.99), Big Data (0.99)"
cv-00008.txt,job-00006.txt,Word2Vec,0.29549186825752255,"Gestion de projet (1.00), Analyse de données (1.00), Français (0.86)"
cv-00008.txt,job-00006.txt,ChatGPT,0.2,"Python (0.90), Analyse de données (0.70), Gestion de projet (0.40)"
cv-00008.txt,job-00007.txt,BERT,0.28057050704956055,"Analyse de données (1.00), Gestion de projet (1.00), Espagnol (0.99)"
cv-00008.txt,job-00007.txt,Word2Vec,0.2953583925962448,"Gestion de projet (1.00), Analyse de données (0.99), Français (0.87)"
cv-00008.txt,job-00007.txt,ChatGPT,0.2,"Expertise en modélisation climatique et analyse de données environnementales (0.95), Gestion de projets de recherche internationaux (0.80), Rédaction scientifique et vulgarisation (0.70)"
cv-00008.txt,job-00008.txt,BERT,0.27796266674995423,"Analyse de données (1.00), Gestion de projet (1.00), Big Data (0.99)"
cv-00008.txt,job-00008.txt,Word2Vec,0.295001819729805,"Gestion de projet (1.00), Analyse de données (0.99), Français (0.87)"
cv-00008.txt,job-00008.txt,ChatGPT,0.2,"Expertise en modélisation climatique et analyse de données environnementales (0.90), Gestion de projets de recherche internationaux (0.60), Rédaction scientifique et vulgarisation (0.40)"
cv-00008.txt,job-00009.txt,BERT,0.283699768781662,"Analyse de données (1.00), Gestion de projet (0.98), Big Data (0.98)"
cv-00008.txt,job-00009.txt,Word2Vec,0.29580067098140717,"Gestion de projet (1.00), Analyse de données (1.00), Français (0.85)"
cv-00008.txt,job-00009.txt,ChatGPT,0.4,"Analyse de données (0.85), R (0.70), Gestion de projet (0.30)"
cv-00008.txt,job-00010.txt,BERT,0.2834222853183746,"Analyse de données (1.00), Gestion de projet (1.00), Espagnol (0.99)"
cv-00008.txt,job-00010.txt,Word2Vec,0.29521450996398924,"Gestion de projet (1.00), Analyse de données (0.99), Français (0.86)"
cv-00008.txt,job-00010.txt,ChatGPT,0.2,"Expertise en modélisation climatique et analyse de données environnementales (0.85), Gestion de projets de recherche internationaux (0.60), Rédaction scientifique et vulgarisation (0.40)"
cv-00009.txt,job-00001.txt,BERT,0.3900212347507476,"TypeScript (1.00), C++ (0.99), Express.js (0.85)"
cv-00009.txt,job-00001.txt,Word2Vec,0.3942469835281372,"Français (1.00), Anglais (0.96), R (0.93)"
cv-00009.txt,job-00001.txt,ChatGPT,0.2,"Python (0.75), SQL (0.30), R (0.00)"
cv-00009.txt,job-00002.txt,BERT,0.39011146426200866,"TypeScript (1.00), C++ (0.99), Express.js (0.85)"
cv-00009.txt,job-00002.txt,Word2Vec,0.3943329930305481,"Français (1.00), Anglais (0.97), R (0.94)"
cv-00009.txt,job-00002.txt,ChatGPT,0.2,"JavaScript/TypeScript (0.95), React (0.90), HTML/CSS (0.70)"
cv-00009.txt,job-00003.txt,BERT,0.38771614432334894,"TypeScript (1.00), C++ (0.99), Node.js (0.85)"
cv-00009.txt,job-00003.txt,Word2Vec,0.39464694559574126,"Français (1.00), Anglais (0.97), R (0.96)"
cv-00009.txt,job-00003.txt,ChatGPT,0.2,"Marketing (0.90), Management (0.70), Marketing digital (0.60)"
cv-00009.txt,job-00004.txt,BERT,0.3902058333158493,"TypeScript (1.00), C++ (0.99), Express.js (0.85)"
cv-00009.txt,job-00004.txt,Word2Vec,0.39447371065616604,"Français (1.00), Anglais (0.96), R (0.92)"
cv-00009.txt,job-00004.txt,ChatGPT,0.4,"C++ (0.95), Java (0.90), Python (0.00)"
cv-00009.txt,job-00005.txt,BERT,0.3916370868682861,"TypeScript (1.00), C++ (0.99), Express.js (0.85)"
cv-00009.txt,job-00005.txt,Word2Vec,0.39420488178730007,"Français (1.00), Anglais (0.96), R (0.96)"
cv-00009.txt,job-00005.txt,ChatGPT,0.2,"Python (0.00), Java (0.00), JavaScript/TypeScript (0.95)"
cv-00009.txt,job-00006.txt,BERT,0.39010417759418486,"TypeScript (1.00), C++ (0.99), Express.js (0.85)"
cv-00009.txt,job-00006.txt,Word2Vec,0.3952162086963653,"Français (1.00), Anglais (0.96), R (0.95)"
cv-00009.txt,job-00006.txt,ChatGPT,0.2,"Python (0.75), Machine Learning (0.30), Développement Python (0.40)"
cv-00009.txt,job-00007.txt,BERT,0.38875346183776854,"TypeScript (1.00), C++ (1.00), Express.js (0.85)"
cv-00009.txt,job-00007.txt,Word2Vec,0.3953015834093094,"Français (1.00), Anglais (0.97), R (0.93)"
cv-00009.txt,job-00007.txt,ChatGPT,0.4,"Java (0.95), Spring (0.30), SQL (0.30)"
cv-00009.txt,job-00008.txt,BERT,0.3833011388778686,"TypeScript (1.00), C++ (1.00), Node.js (0.85)"
cv-00009.txt,job-00008.txt,Word2Vec,0.39409900605678555,"Français (1.00), Anglais (0.97), Espagnol (0.93)"
cv-00009.txt,job-00008.txt,ChatGPT,0.2,"JavaScript/TypeScript (0.95), Java (0.90), React (0.80)"
cv-00009.txt,job-00009.txt,BERT,0.385869300365448,"TypeScript (1.00), C++ (1.00), Express.js (0.85)"
cv-00009.txt,job-00009.txt,Word2Vec,0.3950680613517761,"Français (1.00), Anglais (0.96), R (0.94)"
cv-00009.txt,job-00009.txt,ChatGPT,0.4,"Python (0.00), Java (0.00), SQL (0.00)"
cv-00009.txt,job-00010.txt,BERT,0.3895688086748123,"TypeScript (1.00), C++ (1.00), Express.js (0.85)"
cv-00009.txt,job-00010.txt,Word2Vec,0.39486151337623593,"Français (1.00), Anglais (0.97), R (0.94)"
cv-00009.txt,job-00010.txt,ChatGPT,0.4,"C++ (0.95), Java (0.00), JavaScript (0.00)"
cv-00010.txt,job-00001.txt,BERT,0.9750281405448913,"R (1.00), Kanban (0.40), Agile (0.39)"
cv-00010.txt,job-00001.txt,Word2Vec,0.9794999176263809,"R (1.00), Kanban (0.33), Agile (0.33)"
cv-00010.txt,job-00001.txt,ChatGPT,0.4,"R (0.90), Gestion de projet (0.30), Scrum (0.30)"
cv-00010.txt,job-00002.txt,BERT,0.9752182698249816,"R (1.00), Kanban (0.40), Agile (0.40)"
cv-00010.txt,job-00002.txt,Word2Vec,0.979293069243431,"R (1.00), Agile (0.33), Kanban (0.33)"
cv-00010.txt,job-00002.txt,ChatGPT,0.4,"Agile (0.45), Scrum (0.45), Gestion de projet (0.30)"
cv-00010.txt,job-00003.txt,BERT,0.9753817093372344,"R (1.00), Kanban (0.40), Agile (0.39)"
cv-00010.txt,job-00003.txt,Word2Vec,0.980226520895958,"R (1.00), Agile (0.33), Kanban (0.33)"
cv-00010.txt,job-00003.txt,ChatGPT,0.4,"Gestion de Projet (0.95), Agile (0.90), Scrum (0.90)"
cv-00010.txt,job-00004.txt,BERT,0.9751656627655029,"R (1.00), Kanban (0.40), Agile (0.40)"
cv-00010.txt,job-00004.txt,Word2Vec,0.9820230680704116,"R (1.00), Kanban (0.33), Agile (0.33)"
cv-00010.txt,job-00004.txt,ChatGPT,0.4,"Gestion de Projet (0.85), Cybersécurité (0.30), ITIL (0.10)"
cv-00010.txt,job-00005.txt,BERT,0.9759125649929046,"R (1.00), Kanban (0.40), Agile (0.40)"
cv-00010.txt,job-00005.txt,Word2Vec,0.9811395627260209,"R (1.00), Agile (0.33), Kanban (0.32)"
cv-00010.txt,job-00005.txt,ChatGPT,0.4,"Gestion de Projet (0.85), Agile (0.60), Scrum (0.60)"
cv-00010.txt,job-00006.txt,BERT,0.9748341596126555,"R (1.00), Kanban (0.40), Agile (0.40)"
cv-00010.txt,job-00006.txt,Word2Vec,0.9824348962306976,"R (1.00), Agile (0.33), Kanban (0.33)"
cv-00010.txt,job-00006.txt,ChatGPT,0.2,"Python (0.90), Scrum (0.60), Gestion de projet (0.30)"
cv-00010.txt,job-00007.txt,BERT,0.9720841121673583,"R (1.00), Kanban (0.40), Agile (0.40)"
cv-00010.txt,job-00007.txt,Word2Vec,0.9803526794910431,"R (1.00), Agile (0.34), Kanban (0.34)"
cv-00010.txt,job-00007.txt,ChatGPT,0.6,"Java (0.85), Agile (0.80), Scrum (0.80)"
cv-00010.txt,job-00008.txt,BERT,0.9684811437129973,"R (1.00), Kanban (0.40), Agile (0.39)"
cv-00010.txt,job-00008.txt,Word2Vec,0.978852360844612,"R (1.00), Kanban (0.34), Agile (0.34)"
cv-00010.txt,job-00008.txt,ChatGPT,0.4,"Gestion de Projet (0.90), Scrum (0.80), ITIL (0.10)"
cv-00010.txt,job-00009.txt,BERT,0.9706020718812942,"R (1.00), Kanban (0.40), Agile (0.39)"
cv-00010.txt,job-00009.txt,Word2Vec,0.9828608614206313,"R (1.00), Kanban (0.33), Agile (0.33)"
cv-00010.txt,job-00009.txt,ChatGPT,0.4,"Agile (0.30), Scrum (0.30), ITIL (0.10)"
cv-00010.txt,job-00010.txt,BERT,0.9739431297779082,"R (1.00), Kanban (0.40), Agile (0.40)"
cv-00010.txt,job-00010.txt,Word2Vec,0.981964059472084,"R (1.00), Kanban (0.33), Agile (0.33)"
cv-00010.txt,job-00010.txt,ChatGPT,0.4,"Agile (0.30), Scrum (0.30), Gestion de projet (0.20)"
cv-00011.txt,job-00001.txt,BERT,1.0,"Kubernetes (1.00), Docker (0.98), DevOps (0.59)"
cv-00011.txt,job-00001.txt,Word2Vec,1.0,"Docker (1.00), Kubernetes (0.82), Français (0.52)"
cv-00011.txt,job-00001.txt,ChatGPT,0.4,"Docker (0.95), Kubernetes (0.95), CI/CD (0.60)"
cv-00011.txt,job-00002.txt,BERT,1.0,"Kubernetes (1.00), Docker (0.98), DevOps (0.59)"
cv-00011.txt,job-00002.txt,Word2Vec,1.0,"Docker (1.00), Kubernetes (0.81), Français (0.52)"
cv-00011.txt,job-00002.txt,ChatGPT,0.4,"Docker (0.95), Kubernetes (0.95), CI/CD (0.30)"
cv-00011.txt,job-00003.txt,BERT,1.0,"Kubernetes (1.00), Docker (0.98), DevOps (0.59)"
cv-00011.txt,job-00003.txt,Word2Vec,1.0,"Docker (1.00), Kubernetes (0.82), Français (0.52)"
cv-00011.txt,job-00003.txt,ChatGPT,0.2,"Docker (0.95), Kubernetes (0.95), CI/CD (0.30)"
cv-00011.txt,job-00004.txt,BERT,1.0,"Kubernetes (1.00), Docker (0.98), DevOps (0.59)"
cv-00011.txt,job-00004.txt,Word2Vec,1.0,"Docker (1.00), Kubernetes (0.82), Français (0.53)"
cv-00011.txt,job-00004.txt,ChatGPT,0.4,"Docker (0.95), Kubernetes (0.95), DevOps (0.65)"
cv-00011.txt,job-00005.txt,BERT,1.0,"Kubernetes (1.00), Docker (0.98), DevOps (0.60)"
cv-00011.txt,job-00005.txt,Word2Vec,1.0,"Docker (1.00), Kubernetes (0.83), Français (0.52)"
cv-00011.txt,job-00005.txt,ChatGPT,0.75,"Docker (0.95), Kubernetes (0.95), Terraform (0.80)"
cv-00011.txt,job-00006.txt,BERT,1.0,"Kubernetes (1.00), Docker (0.98), DevOps (0.59)"
cv-00011.txt,job-00006.txt,Word2Vec,1.0,"Docker (1.00), Kubernetes (0.82), Français (0.52)"
cv-00011.txt,job-00006.txt,ChatGPT,0.4,"Docker (0.95), Kubernetes (0.95), DevOps (0.65)"
cv-00011.txt,job-00007.txt,BERT,1.0,"Kubernetes (1.00), Docker (0.98), DevOps (0.59)"
cv-00011.txt,job-00007.txt,Word2Vec,1.0,"Docker (1.00), Kubernetes (0.81), Français (0.52)"
cv-00011.txt,job-00007.txt,ChatGPT,0.4,"Docker (0.95), Kubernetes (0.95), CI/CD (0.60)"
cv-00011.txt,job-00008.txt,BERT,1.0,"Kubernetes (1.00), Docker (0.99), DevOps (0.59)"
cv-00011.txt,job-00008.txt,Word2Vec,1.0,"Docker (1.00), Kubernetes (0.81), Français (0.52)"
cv-00011.txt,job-00008.txt,ChatGPT,0.4,"Docker (0.75), Kubernetes (0.75), CI/CD (0.30)"
cv-00011.txt,job-00009.txt,BERT,1.0,"Kubernetes (1.00), Docker (0.98), DevOps (0.59)"
cv-00011.txt,job-00009.txt,Word2Vec,1.0,"Docker (1.00), Kubernetes (0.83), Français (0.52)"
cv-00011.txt,job-00009.txt,ChatGPT,0.4,"Docker (0.95), Kubernetes (0.95), CI/CD (0.30)"
cv-00011.txt,job-00010.txt,BERT,1.0,"Kubernetes (1.00), Docker (0.98), DevOps (0.59)"
cv-00011.txt,job-00010.txt,Word2Vec,1.0,"Docker (1.00), Kubernetes (0.82), Français (0.52)"
cv-00011.txt,job-00010.txt,ChatGPT,0.4,"Docker (0.95), Kubernetes (0.95), CI/CD (0.30)"
cv-00012.txt,job-00001.txt,BERT,0.29190410077571866,"Analyse de données (1.00), Français (0.98), Machine Learning (0.98)"
cv-00012.txt,job-00001.txt,Word2Vec,0.2968235045671463,"Analyse de données (1.00), Français (0.87), Anglais (0.84)"
cv-00012.txt,job-00001.txt,ChatGPT,0.4,"Python (0.45), Analyse de données (0.30), R (0.10)"
cv-00012.txt,job-00002.txt,BERT,0.2903078019618988,"Analyse de données (1.00), Français (0.99), Machine Learning (0.98)"
cv-00012.txt,job-00002.txt,Word2Vec,0.29700966775417326,"Analyse de données (1.00), Français (0.88), Anglais (0.85)"
cv-00012.txt,job-00002.txt,ChatGPT,0.2,"Analyse de données (0.85), Python (0.50), R (0.30)"
cv-00012.txt,job-00003.txt,BERT,0.2891233205795288,"Analyse de données (1.00), Français (0.99), Go (0.98)"
cv-00012.txt,job-00003.txt,Word2Vec,0.2971413731575012,"Analyse de données (1.00), Français (0.87), Anglais (0.85)"
cv-00012.txt,job-00003.txt,ChatGPT,0.2,"Analyse de données (0.95), R (0.85), Excel (0.70)"
cv-00012.txt,job-00004.txt,BERT,0.2902239471673965,"Analyse de données (1.00), Français (0.99), Machine Learning (0.98)"
cv-00012.txt,job-00004.txt,Word2Vec,0.2968478143215179,"Analyse de données (1.00), Français (0.87), Anglais (0.83)"
cv-00012.txt,job-00004.txt,ChatGPT,0.2,"Python (0.75), Analyse de données (0.45), R (0.30)"
cv-00012.txt,job-00005.txt,BERT,0.2905562996864319,"Analyse de données (1.00), Français (0.99), Machine Learning (0.98)"
cv-00012.txt,job-00005.txt,Word2Vec,0.2975201994180679,"Analyse de données (1.00), Français (0.87), Anglais (0.84)"
cv-00012.txt,job-00005.txt,ChatGPT,0.2,"Python (0.85), Analyse de données (0.75), R (0.45)"
cv-00012.txt,job-00006.txt,BERT,0.29105593264102936,"Analyse de données (1.00), Français (0.98), Machine Learning (0.98)"
cv-00012.txt,job-00006.txt,Word2Vec,0.2977470517158508,"Analyse de données (1.00), Français (0.87), Anglais (0.83)"
cv-00012.txt,job-00006.txt,ChatGPT,0.2,"Python (0.85), Machine Learning (0.75), Analyse de données (0.60)"
cv-00012.txt,job-00007.txt,BERT,0.2879092276096344,"Analyse de données (1.00), Français (0.99), Go (0.98)"
cv-00012.txt,job-00007.txt,Word2Vec,0.296560075879097,"Analyse de données (1.00), Français (0.88), Anglais (0.85)"
cv-00012.txt,job-00007.txt,ChatGPT,0.2,"Java (0.95), SQL (0.70), Anglais (0.50)"
cv-00012.txt,job-00008.txt,BERT,0.2850772887468338,"Analyse de données (1.00), Français (0.99), Go (0.99)"
cv-00012.txt,job-00008.txt,Word2Vec,0.29548644125461576,"Analyse de données (1.00), Français (0.87), Anglais (0.85)"
cv-00012.txt,job-00008.txt,ChatGPT,0.2,"Analyse de données (0.75), Excel (0.50), R (0.30)"
cv-00012.txt,job-00009.txt,BERT,0.28910060226917267,"Analyse de données (1.00), Français (0.98), Go (0.97)"
cv-00012.txt,job-00009.txt,Word2Vec,0.2969282269477844,"Analyse de données (1.00), Français (0.86), Anglais (0.82)"
cv-00012.txt,job-00009.txt,ChatGPT,0.4,"Analyse de données (0.85), Python (0.75), SQL (0.30)"
cv-00012.txt,job-00010.txt,BERT,0.28948362171649933,"Analyse de données (1.00), Français (0.99), Machine Learning (0.98)"
cv-00012.txt,job-00010.txt,Word2Vec,0.29682078659534455,"Analyse de données (1.00), Français (0.87), Anglais (0.84)"
cv-00012.txt,job-00010.txt,ChatGPT,0.2,"C++ (0.70), Langage C++ (0.60), Anglais (0.50)"
cv-00013.txt,job-00001.txt,BERT,0.2931786775588989,"Français (1.00), C++ (0.99), Go (0.99)"
cv-00013.txt,job-00001.txt,Word2Vec,0.29555312991142274,"Français (1.00), Anglais (0.96), R (0.93)"
cv-00013.txt,job-00001.txt,ChatGPT,0.2,"Python (0.30), C++ (0.85), Git (0.10)"
cv-00013.txt,job-00002.txt,BERT,0.29311122894287106,"Français (1.00), C++ (0.99), Go (0.99)"
cv-00013.txt,job-00002.txt,Word2Vec,0.29509606361389157,"Français (1.00), Anglais (0.97), R (0.94)"
cv-00013.txt,job-00002.txt,ChatGPT,0.2,"C++ (0.95), Git (0.30), Agile (0.30)"
cv-00013.txt,job-00003.txt,BERT,0.29097774624824524,"Français (1.00), Go (0.99), R (0.99)"
cv-00013.txt,job-00003.txt,Word2Vec,0.29529807865619656,"Français (1.00), Anglais (0.97), R (0.96)"
cv-00013.txt,job-00003.txt,ChatGPT,0.2,"C++ (0.95), Marketing (0.30), Management (0.30)"
cv-00013.txt,job-00004.txt,BERT,0.29286845326423644,"Français (1.00), C++ (1.00), Go (0.99)"
cv-00013.txt,job-00004.txt,Word2Vec,0.29627196192741395,"Français (1.00), Anglais (0.96), R (0.92)"
cv-00013.txt,job-00004.txt,ChatGPT,0.4,"C++ (0.85), Python (0.40), Java (0.20)"
cv-00013.txt,job-00005.txt,BERT,0.2941745102405548,"Français (1.00), C++ (1.00), Go (0.99)"
cv-00013.txt,job-00005.txt,Word2Vec,0.2947622984647751,"Français (1.00), Anglais (0.96), R (0.96)"
cv-00013.txt,job-00005.txt,ChatGPT,0.2,"C++ (0.85), Git (0.30), Agile (0.00)"
cv-00013.txt,job-00006.txt,BERT,0.2936352789402008,"Français (1.00), C++ (0.99), Go (0.99)"
cv-00013.txt,job-00006.txt,Word2Vec,0.295867520570755,"Français (1.00), Anglais (0.96), R (0.95)"
cv-00013.txt,job-00006.txt,ChatGPT,0.2,"Python (0.85), Machine Learning (0.30), Développement Python (0.00)"
cv-00013.txt,job-00007.txt,BERT,0.29183884263038634,"Français (1.00), Java (0.99), C++ (0.99)"
cv-00013.txt,job-00007.txt,Word2Vec,0.29668688178062436,"Français (1.00), Anglais (0.97), R (0.93)"
cv-00013.txt,job-00007.txt,ChatGPT,0.2,"Java (0.85), Git (0.50), Agile (0.30)"
cv-00013.txt,job-00008.txt,BERT,0.28751503229141234,"Français (1.00), Go (1.00), R (1.00)"
cv-00013.txt,job-00008.txt,Word2Vec,0.2963259994983673,"Français (1.00), Anglais (0.97), R (0.91)"
cv-00013.txt,job-00008.txt,ChatGPT,0.2,"C++ (0.85), Marketing (0.30), Communication (0.30)"
cv-00013.txt,job-00009.txt,BERT,0.29000210165977475,"Français (1.00), Go (0.99), R (0.99)"
cv-00013.txt,job-00009.txt,Word2Vec,0.29641538858413696,"Français (1.00), Anglais (0.96), R (0.94)"
cv-00013.txt,job-00009.txt,ChatGPT,0.2,"C++ (0.95), Python (0.50), Git (0.30)"
cv-00013.txt,job-00010.txt,BERT,0.2937085747718811,"Français (1.00), C++ (1.00), Java (0.99)"
cv-00013.txt,job-00010.txt,Word2Vec,0.29626838564872743,"Français (1.00), Anglais (0.97), R (0.94)"
cv-00013.txt,job-00010.txt,ChatGPT,0.7,"C++ (0.95), Git (0.30), Agile (0.10)"
cv-00014.txt,job-00001.txt,BERT,0.5956610262393951,"R (1.00), Analyse de données (0.47), MySQL (0.46)"
cv-00014.txt,job-00001.txt,Word2Vec,0.595693776011467,"R (1.00), Analyse de données (0.56), Français (0.49)"
cv-00014.txt,job-00001.txt,ChatGPT,0.4,"SQL (0.85), Python (0.50), R (0.30)"
cv-00014.txt,job-00002.txt,BERT,0.5944437503814697,"R (1.00), Analyse de données (0.46), MySQL (0.46)"
cv-00014.txt,job-00002.txt,Word2Vec,0.5948334217071534,"R (1.00), Analyse de données (0.55), Français (0.48)"
cv-00014.txt,job-00002.txt,ChatGPT,0.2,"SQL (0.90), Power BI (0.80), Data Visualization (0.60)"
cv-00014.txt,job-00003.txt,BERT,0.5932200461626054,"R (1.00), Analyse de données (0.46), Big Data (0.46)"
cv-00014.txt,job-00003.txt,Word2Vec,0.5948700964450837,"R (1.00), Analyse de données (0.54), Français (0.48)"
cv-00014.txt,job-00003.txt,ChatGPT,0.2,"SQL (0.95), Power BI (0.85), Analyse de données (0.60)"
cv-00014.txt,job-00004.txt,BERT,0.5941722929477692,"R (1.00), Analyse de données (0.47), MySQL (0.46)"
cv-00014.txt,job-00004.txt,Word2Vec,0.5962002128362656,"R (1.00), Analyse de données (0.57), Français (0.49)"
cv-00014.txt,job-00004.txt,ChatGPT,0.2,"SQL (0.80), Python (0.50), Analyse de données (0.30)"
cv-00014.txt,job-00005.txt,BERT,0.5949967861175538,"R (1.00), Analyse de données (0.47), MySQL (0.47)"
cv-00014.txt,job-00005.txt,Word2Vec,0.5945955008268357,"R (1.00), Analyse de données (0.54), Français (0.47)"
cv-00014.txt,job-00005.txt,ChatGPT,0.4,"Python (0.00), SQL (0.00), Git (0.00)"
cv-00014.txt,job-00006.txt,BERT,0.5952062845230103,"R (1.00), Analyse de données (0.47), MySQL (0.46)"
cv-00014.txt,job-00006.txt,Word2Vec,0.5958437025547028,"R (1.00), Analyse de données (0.55), Français (0.48)"
cv-00014.txt,job-00006.txt,ChatGPT,0.2,"Python (0.90), SQL (0.60), Big Data (0.30)"
cv-00014.txt,job-00007.txt,BERT,0.5926614582538605,"R (1.00), Analyse de données (0.46), MySQL (0.46)"
cv-00014.txt,job-00007.txt,Word2Vec,0.5962102621793748,"R (1.00), Analyse de données (0.56), Français (0.49)"
cv-00014.txt,job-00007.txt,ChatGPT,0.4,"SQL (0.90), Power BI (0.80), Data Visualization (0.60)"
cv-00014.txt,job-00008.txt,BERT,0.5900791078805924,"R (1.00), Analyse de données (0.46), MySQL (0.46)"
cv-00014.txt,job-00008.txt,Word2Vec,0.5959234446287156,"R (1.00), Analyse de données (0.57), Français (0.50)"
cv-00014.txt,job-00008.txt,ChatGPT,0.2,"SQL (0.85), Power BI (0.80), Data Visualization (0.60)"
cv-00014.txt,job-00009.txt,BERT,0.5936548680067062,"R (1.00), Analyse de données (0.47), MySQL (0.46)"
cv-00014.txt,job-00009.txt,Word2Vec,0.596483337879181,"R (1.00), Analyse de données (0.57), Français (0.49)"
cv-00014.txt,job-00009.txt,ChatGPT,0.6,"SQL (0.90), Python (0.50), Power BI (0.80)"
cv-00014.txt,job-00010.txt,BERT,0.5940211594104767,"R (1.00), Analyse de données (0.47), MySQL (0.46)"
cv-00014.txt,job-00010.txt,Word2Vec,0.5960892230272293,"R (1.00), Analyse de données (0.56), Français (0.48)"
cv-00014.txt,job-00010.txt,ChatGPT,0.2,"SQL (0.85), Power BI (0.80), Data Visualization (0.70)"
cv-00015.txt,job-00001.txt,BERT,0.420535682439804,"Kubernetes (1.00), AWS (1.00), Français (0.99)"
cv-00015.txt,job-00001.txt,Word2Vec,0.42511749446392055,"Français (1.00), Anglais (0.96), R (0.93)"
cv-00015.txt,job-00001.txt,ChatGPT,0.2,"Virtualisation (0.95), Sauvegarde et récupération (0.50), Réseaux (0.30)"
cv-00015.txt,job-00002.txt,BERT,0.41985136151313773,"Kubernetes (1.00), AWS (1.00), Français (0.99)"
cv-00015.txt,job-00002.txt,Word2Vec,0.4243289428949356,"Français (1.00), Anglais (0.97), R (0.94)"
cv-00015.txt,job-00002.txt,ChatGPT,0.1,"Virtualisation (0.95), VMware vSphere (0.95), Microsoft Hyper-V (0.95)"
cv-00015.txt,job-00003.txt,BERT,0.4179908919334411,"AWS (1.00), Kubernetes (1.00), Français (0.99)"
cv-00015.txt,job-00003.txt,Word2Vec,0.4235848176479339,"Français (1.00), Anglais (0.97), R (0.96)"
cv-00015.txt,job-00003.txt,ChatGPT,0.2,"Cloud (AWS, Azure) (0.85), Virtualisation (VMware vSphere, Microsoft Hyper-V) (0.75), Scripting et automatisation (PowerShell, Bash) (0.60)"
cv-00015.txt,job-00004.txt,BERT,0.4218380826711654,"Kubernetes (1.00), AWS (1.00), Français (0.99)"
cv-00015.txt,job-00004.txt,Word2Vec,0.4251777637004852,"Français (1.00), Anglais (0.96), R (0.92)"
cv-00015.txt,job-00004.txt,ChatGPT,0.2,"Sécurité informatique (0.75), Développement logiciel (0.50), Tests de pénétration (0.00)"
cv-00015.txt,job-00005.txt,BERT,0.4223389136791229,"AWS (1.00), Kubernetes (1.00), Français (0.99)"
cv-00015.txt,job-00005.txt,Word2Vec,0.4237721610069275,"Français (1.00), Anglais (0.96), R (0.96)"
cv-00015.txt,job-00005.txt,ChatGPT,0.6,"AWS (0.30), Azure (0.30), Kubernetes (0.10)"
cv-00015.txt,job-00006.txt,BERT,0.42029378294944764,"Kubernetes (1.00), AWS (1.00), Français (0.99)"
cv-00015.txt,job-00006.txt,Word2Vec,0.4244481939077377,"Français (1.00), Anglais (0.96), R (0.95)"
cv-00015.txt,job-00006.txt,ChatGPT,0.2,"Virtualisation (0.85), VMware vSphere (0.85), Microsoft Hyper-V (0.80)"
cv-00015.txt,job-00007.txt,BERT,0.41811303973197933,"Kubernetes (1.00), AWS (1.00), Français (0.99)"
cv-00015.txt,job-00007.txt,Word2Vec,0.42525639712810515,"Français (1.00), Anglais (0.97), R (0.93)"
cv-00015.txt,job-00007.txt,ChatGPT,0.2,"Virtualisation (0.95), VMware vSphere (0.85), Microsoft Hyper-V (0.80)"
cv-00015.txt,job-00008.txt,BERT,0.4142207431793212,"AWS (1.00), Kubernetes (1.00), Français (0.99)"
cv-00015.txt,job-00008.txt,Word2Vec,0.4257369327545165,"Français (1.00), Anglais (0.97), R (0.91)"
cv-00015.txt,job-00008.txt,ChatGPT,0.2,"Virtualisation (0.95), VMware vSphere (0.85), Microsoft Hyper-V (0.80)"
cv-00015.txt,job-00009.txt,BERT,0.4178282070159912,"Kubernetes (1.00), AWS (1.00), Français (0.99)"
cv-00015.txt,job-00009.txt,Word2Vec,0.42453237056732174,"Français (1.00), Anglais (0.96), R (0.94)"
cv-00015.txt,job-00009.txt,ChatGPT,0.2,"Virtualisation (0.95), VMware vSphere (0.95), Microsoft Hyper-V (0.95)"
cv-00015.txt,job-00010.txt,BERT,0.41949908912181855,"Kubernetes (1.00), AWS (1.00), Français (0.99)"
cv-00015.txt,job-00010.txt,Word2Vec,0.42460377991199494,"Français (1.00), Anglais (0.97), R (0.94)"
cv-00015.txt,job-00010.txt,ChatGPT,0.2,"Virtualisation (0.95), VMware vSphere (0.95), Microsoft Hyper-V (0.95)"
